{"cameraMode":{"drawMode":0,"name":"Shaded","section":"Shading Mode"},"sceneLighting":false,"audioPlay":false,"sceneViewState":{"m_AlwaysRefresh":false,"showFog":true,"showSkybox":false,"showFlares":true,"showImageEffects":true,"showParticleSystems":true,"showVisualEffectGraphs":true,"m_FxEnabled":true},"in2DMode":false,"pivot":{"x":0.0000034570693969726564,"y":1.8066809177398682,"z":0.04153609275817871},"rotation":{"x":-0.2990877628326416,"y":-0.07789567112922669,"z":0.02509387582540512,"w":-0.9507980346679688},"size":2.701749324798584,"orthographic":false}