{"cameraMode":{"drawMode":0,"name":"Shaded","section":"Shading Mode"},"sceneLighting":true,"audioPlay":false,"sceneViewState":{"m_AlwaysRefresh":false,"showFog":true,"showSkybox":true,"showFlares":true,"showImageEffects":true,"showParticleSystems":true,"showVisualEffectGraphs":true,"m_FxEnabled":true},"in2DMode":false,"pivot":{"x":195.77276611328126,"y":10.999545097351075,"z":-233.4906768798828},"rotation":{"x":0.2002759724855423,"y":-0.5277242660522461,"z":0.12964515388011933,"w":0.8152251839637756},"size":142.00413513183595,"orthographic":true}