{"cameraMode":{"drawMode":0,"name":"Shaded","section":"Shading Mode"},"sceneLighting":true,"audioPlay":false,"sceneViewState":{"m_AlwaysRefresh":false,"showFog":true,"showSkybox":true,"showFlares":true,"showImageEffects":true,"showParticleSystems":true,"showVisualEffectGraphs":true,"m_FxEnabled":true},"in2DMode":false,"pivot":{"x":863.326904296875,"y":1.3665704727172852,"z":405.9845886230469},"rotation":{"x":-0.26727423071861269,"y":-0.16448062658309937,"z":0.04709837585687637,"w":-0.9484115242958069},"size":109.20731353759766,"orthographic":true}