{"cameraMode":{"drawMode":0,"name":"Shaded","section":"Shading Mode"},"sceneLighting":true,"audioPlay":false,"sceneViewState":{"m_AlwaysRefresh":false,"showFog":true,"showSkybox":true,"showFlares":true,"showImageEffects":true,"showParticleSystems":true,"showVisualEffectGraphs":true,"m_FxEnabled":true},"in2DMode":false,"pivot":{"x":0.6501569747924805,"y":0.022647958248853685,"z":0.1761859655380249},"rotation":{"x":0.7107846140861511,"y":-0.04540915787220001,"z":0.04364089295268059,"w":0.7008768916130066},"size":775.7579956054688,"orthographic":true}