{"cameraMode":{"drawMode":0,"name":"Shaded","section":"Shading Mode"},"sceneLighting":true,"audioPlay":false,"sceneViewState":{"m_AlwaysRefresh":false,"showFog":true,"showSkybox":true,"showFlares":true,"showImageEffects":true,"showParticleSystems":true,"showVisualEffectGraphs":true,"m_FxEnabled":true},"in2DMode":false,"pivot":{"x":23.918258666992189,"y":18.751136779785158,"z":160.99717712402345},"rotation":{"x":0.10617030411958695,"y":-0.04891424626111984,"z":0.00523348618298769,"w":0.9931448698043823},"size":31.813541412353517,"orthographic":true}