{"cameraMode":{"drawMode":0,"name":"Shaded","section":"Shading Mode"},"sceneLighting":true,"audioPlay":false,"sceneViewState":{"m_AlwaysRefresh":false,"showFog":true,"showSkybox":true,"showFlares":true,"showImageEffects":true,"showParticleSystems":true,"showVisualEffectGraphs":true,"m_FxEnabled":true},"in2DMode":false,"pivot":{"x":-958.49169921875,"y":-13.166305541992188,"z":-244.87957763671876},"rotation":{"x":0.021353233605623246,"y":-0.025539793074131013,"z":-0.001330654602497816,"w":0.999596893787384},"size":167.41378784179688,"orthographic":true}