{"cameraMode":{"drawMode":0,"name":"Shaded","section":"Shading Mode"},"sceneLighting":true,"audioPlay":false,"sceneViewState":{"m_AlwaysRefresh":false,"showFog":true,"showSkybox":true,"showFlares":true,"showImageEffects":true,"showParticleSystems":true,"showVisualEffectGraphs":true,"m_FxEnabled":true},"in2DMode":false,"pivot":{"x":1004.6778564453125,"y":386.3250732421875,"z":-18.246639251708986},"rotation":{"x":-0.03873865306377411,"y":0.07198066264390946,"z":0.0006778528913855553,"w":0.9968241453170776},"size":451.585693359375,"orthographic":true}