{"cameraMode":{"drawMode":0,"name":"Shaded","section":"Shading Mode"},"sceneLighting":true,"audioPlay":false,"sceneViewState":{"m_AlwaysRefresh":false,"showFog":true,"showSkybox":true,"showFlares":true,"showImageEffects":true,"showParticleSystems":true,"showVisualEffectGraphs":true,"m_FxEnabled":true},"in2DMode":false,"pivot":{"x":0.00374603271484375,"y":-1.2488651275634766,"z":17.175220489501954},"rotation":{"x":-0.15250319242477418,"y":-0.6979115605354309,"z":0.6821730136871338,"w":-0.15598997473716737},"size":31.81353759765625,"orthographic":true}