{"cameraMode":{"drawMode":0,"name":"Shaded","section":"Shading Mode"},"sceneLighting":true,"audioPlay":false,"sceneViewState":{"m_AlwaysRefresh":false,"showFog":true,"showSkybox":true,"showFlares":true,"showImageEffects":true,"showParticleSystems":true,"showVisualEffectGraphs":true,"m_FxEnabled":true},"in2DMode":false,"pivot":{"x":-277.2928161621094,"y":106.62714385986328,"z":27.594688415527345},"rotation":{"x":-0.023848114535212518,"y":-0.9189344048500061,"z":0.3894875943660736,"w":-0.05958016589283943},"size":411.8708190917969,"orthographic":true}