{"cameraMode":{"drawMode":0,"name":"Shaded","section":"Shading Mode"},"sceneLighting":true,"audioPlay":false,"sceneViewState":{"m_AlwaysRefresh":false,"showFog":true,"showSkybox":true,"showFlares":true,"showImageEffects":true,"showParticleSystems":true,"showVisualEffectGraphs":true,"m_FxEnabled":true},"in2DMode":false,"pivot":{"x":-867.4686279296875,"y":0.10425376892089844,"z":159.93972778320313},"rotation":{"x":-0.5000234842300415,"y":0.02692412957549095,"z":-0.014523527584969998,"w":-0.865588366985321},"size":38.97114181518555,"orthographic":true}