{"cameraMode":{"drawMode":0,"name":"Shaded","section":"Shading Mode"},"sceneLighting":true,"audioPlay":false,"sceneViewState":{"m_AlwaysRefresh":false,"showFog":true,"showSkybox":true,"showFlares":true,"showImageEffects":true,"showParticleSystems":true,"showVisualEffectGraphs":true,"m_FxEnabled":true},"in2DMode":false,"pivot":{"x":-1.1665866374969483,"y":100.93145751953125,"z":0.36529260873794558},"rotation":{"x":0.5224950313568115,"y":-0.05586014315485954,"z":0.03224419802427292,"w":0.8504454493522644},"size":384.16412353515627,"orthographic":true}