{"cameraMode":{"drawMode":0,"name":"Shaded","section":"Shading Mode"},"sceneLighting":true,"audioPlay":false,"sceneViewState":{"m_AlwaysRefresh":false,"showFog":true,"showSkybox":true,"showFlares":true,"showImageEffects":true,"showParticleSystems":true,"showVisualEffectGraphs":true,"m_FxEnabled":true},"in2DMode":false,"pivot":{"x":383.53057861328127,"y":62.27226257324219,"z":120.44830322265625},"rotation":{"x":0.08251403272151947,"y":-0.21957017481327058,"z":0.016959387809038163,"w":0.9721019864082336},"size":470.3947448730469,"orthographic":true}