{"cameraMode":{"drawMode":0,"name":"Shaded","section":"Shading Mode"},"sceneLighting":true,"audioPlay":false,"sceneViewState":{"m_AlwaysRefresh":false,"showFog":true,"showSkybox":true,"showFlares":true,"showImageEffects":true,"showParticleSystems":true,"showVisualEffectGraphs":true,"m_FxEnabled":true},"in2DMode":false,"pivot":{"x":948.1063842773438,"y":467.9146728515625,"z":-1.4861513376235963},"rotation":{"x":0.2317342311143875,"y":-0.07192261517047882,"z":0.015015896409749985,"w":0.9701787233352661},"size":510.95623779296877,"orthographic":true}