{"cameraMode":{"drawMode":0,"name":"Shaded","section":"Shading Mode"},"sceneLighting":true,"audioPlay":false,"sceneViewState":{"m_AlwaysRefresh":false,"showFog":true,"showSkybox":true,"showFlares":true,"showImageEffects":true,"showParticleSystems":true,"showVisualEffectGraphs":true,"m_FxEnabled":true},"in2DMode":false,"pivot":{"x":674.0850830078125,"y":406.1423034667969,"z":-0.041709307581186298},"rotation":{"x":0.13904227316379548,"y":-0.008912448771297932,"z":0.0012514125555753708,"w":0.9902453422546387},"size":413.8262634277344,"orthographic":true}