{"cameraMode":{"drawMode":0,"name":"Shaded","section":"Shading Mode"},"sceneLighting":true,"audioPlay":false,"sceneViewState":{"m_AlwaysRefresh":false,"showFog":true,"showSkybox":true,"showFlares":true,"showImageEffects":true,"showParticleSystems":true,"showVisualEffectGraphs":true,"m_FxEnabled":true},"in2DMode":false,"pivot":{"x":0.005619049072265625,"y":-0.46832704544067385,"z":33.26283264160156},"rotation":{"x":-0.3027482330799103,"y":0.16554711759090424,"z":-0.052636414766311648,"w":-0.9372110366821289},"size":299.8007507324219,"orthographic":true}