{"cameraMode":{"drawMode":0,"name":"Shaded","section":"Shading Mode"},"sceneLighting":true,"audioPlay":false,"sceneViewState":{"m_AlwaysRefresh":false,"showFog":true,"showSkybox":true,"showFlares":true,"showImageEffects":true,"showParticleSystems":true,"showVisualEffectGraphs":true,"m_FxEnabled":true},"in2DMode":false,"pivot":{"x":0.00374603271484375,"y":-1.2488651275634766,"z":17.175220489501954},"rotation":{"x":-0.31919437646865847,"y":0.30031535029411318,"z":-0.10743650048971176,"w":-0.892422616481781},"size":31.81353759765625,"orthographic":true}