{"cameraMode":{"drawMode":0,"name":"Shaded","section":"Shading Mode"},"sceneLighting":true,"audioPlay":false,"sceneViewState":{"m_AlwaysRefresh":false,"showFog":true,"showSkybox":true,"showFlares":true,"showImageEffects":true,"showParticleSystems":true,"showVisualEffectGraphs":true,"m_FxEnabled":true},"in2DMode":false,"pivot":{"x":28.36428451538086,"y":-0.29104089736938479,"z":-371.2236633300781},"rotation":{"x":0.11435243487358093,"y":0.5281640291213989,"z":-0.07438848167657852,"w":0.8382979035377502},"size":14.163920402526856,"orthographic":true}