{"cameraMode":{"drawMode":0,"name":"Shaded","section":"Shading Mode"},"sceneLighting":true,"audioPlay":false,"sceneViewState":{"m_AlwaysRefresh":false,"showFog":true,"showSkybox":true,"showFlares":true,"showImageEffects":true,"showParticleSystems":true,"showVisualEffectGraphs":true,"m_FxEnabled":true},"in2DMode":false,"pivot":{"x":-1.2921555042266846,"y":10.07085132598877,"z":0.9400807619094849},"rotation":{"x":-0.7087237238883972,"y":0.01993231102824211,"z":-0.01698494143784046,"w":-0.7052345275878906},"size":118.59339141845703,"orthographic":true}