{"cameraMode":{"drawMode":0,"name":"Shaded","section":"Shading Mode"},"sceneLighting":true,"audioPlay":false,"sceneViewState":{"m_AlwaysRefresh":false,"showFog":true,"showSkybox":true,"showFlares":true,"showImageEffects":true,"showParticleSystems":true,"showVisualEffectGraphs":true,"m_FxEnabled":true},"in2DMode":false,"pivot":{"x":277.8642578125,"y":11.000008583068848,"z":421.855224609375},"rotation":{"x":0.35171017050743105,"y":-0.0028083936776965858,"z":0.0010547132696956397,"w":0.9361060261726379},"size":35.81351852416992,"orthographic":true}