{"cameraMode":{"drawMode":0,"name":"Shaded","section":"Shading Mode"},"sceneLighting":false,"audioPlay":false,"sceneViewState":{"m_AlwaysRefresh":false,"showFog":true,"showSkybox":false,"showFlares":true,"showImageEffects":true,"showParticleSystems":true,"showVisualEffectGraphs":true,"m_FxEnabled":true},"in2DMode":false,"pivot":{"x":-3.2607688903808595,"y":0.3033409118652344,"z":-3.3609447479248049},"rotation":{"x":-0.024154165759682657,"y":0.9768916964530945,"z":-0.15080702304840089,"w":-0.15021279454231263},"size":107.38932037353516,"orthographic":true}