{"cameraMode":{"drawMode":0,"name":"Shaded","section":"Shading Mode"},"sceneLighting":false,"audioPlay":false,"sceneViewState":{"m_AlwaysRefresh":false,"showFog":true,"showSkybox":false,"showFlares":true,"showImageEffects":true,"showParticleSystems":true,"showVisualEffectGraphs":true,"m_FxEnabled":true},"in2DMode":false,"pivot":{"x":-3.2607688903808595,"y":0.3033409118652344,"z":-3.3609447479248049},"rotation":{"x":0.08810435980558396,"y":0.7039943933486939,"z":-0.09006337821483612,"w":0.6990889310836792},"size":107.38932037353516,"orthographic":true}