{"cameraMode":{"drawMode":0,"name":"Shaded","section":"Shading Mode"},"sceneLighting":false,"audioPlay":false,"sceneViewState":{"m_AlwaysRefresh":false,"showFog":true,"showSkybox":false,"showFlares":true,"showImageEffects":true,"showParticleSystems":true,"showVisualEffectGraphs":true,"m_FxEnabled":true},"in2DMode":false,"pivot":{"x":0.9167205095291138,"y":20.365989685058595,"z":0.24165251851081849},"rotation":{"x":0.21368901431560517,"y":-0.6261027455329895,"z":0.18404331803321839,"w":0.7269535660743713},"size":66.22058868408203,"orthographic":false}