{"cameraMode":{"drawMode":0,"name":"Shaded","section":"Shading Mode"},"sceneLighting":false,"audioPlay":false,"sceneViewState":{"m_AlwaysRefresh":false,"showFog":true,"showSkybox":false,"showFlares":true,"showImageEffects":true,"showParticleSystems":true,"showVisualEffectGraphs":true,"m_FxEnabled":true},"in2DMode":false,"pivot":{"x":-217.994384765625,"y":-0.46832704544067385,"z":231.76283264160157},"rotation":{"x":-0.027952805161476136,"y":-0.9682295918464661,"z":0.13046374917030335,"w":-0.21189746260643006},"size":39.18622589111328,"orthographic":false}