{"cameraMode":{"drawMode":0,"name":"Shaded","section":"Shading Mode"},"sceneLighting":false,"audioPlay":false,"sceneViewState":{"m_AlwaysRefresh":false,"showFog":true,"showSkybox":false,"showFlares":true,"showImageEffects":true,"showParticleSystems":true,"showVisualEffectGraphs":true,"m_FxEnabled":true},"in2DMode":false,"pivot":{"x":65.31429290771485,"y":28.686296463012697,"z":18.912954330444337},"rotation":{"x":-0.5625303983688355,"y":-0.11249257624149323,"z":0.07760465145111084,"w":-0.8154093027114868},"size":191.18344116210938,"orthographic":false}