{"cameraMode":{"drawMode":0,"name":"Shaded","section":"Shading Mode"},"sceneLighting":false,"audioPlay":false,"sceneViewState":{"m_AlwaysRefresh":false,"showFog":true,"showSkybox":false,"showFlares":true,"showImageEffects":true,"showParticleSystems":true,"showVisualEffectGraphs":true,"m_FxEnabled":true},"in2DMode":false,"pivot":{"x":0.0007491111755371094,"y":4.085226058959961,"z":0.14291402697563172},"rotation":{"x":-0.027952805161476136,"y":-0.9682295918464661,"z":0.13046374917030335,"w":-0.21189746260643006},"size":8.880162239074707,"orthographic":false}